HW COMPONENT;WRITE FRAME;INJ_PROFILE_NAME;CALIB_NAME/STATIC_VALUE
ASIC_1;GEN_CONF;N/A;L9781_ku32GenConfCfg1
ASIC_1;PDRV_CONF;N/A;L9781_ku32PdrvConfCfg1
ASIC_1;ISEN_CONF;N/A;L9781_ku32IsenConfCfg1
ASIC_1;AB_ZLC_OC_CONF;N/A;L9781_ku32AbZlcOcConfCfg1
ASIC_1;FP_ZLC_OC_CONF;N/A;L9781_ku32FpZlcOcConfCfg1
ASIC_1;DCDC_CONF;N/A;L9781_ku32DcdcConfCfg1
ASIC_1;AB_FRA1_CONF;N/A;L9781_ku32AbFra1ConfCfg1
ASIC_1;AB_FRA2_CONF;N/A;L9781_ku32AbFra2ConfCfg1
ASIC_1;AB_FRA3_CONF;N/A;L9781_ku32AbFra3ConfCfg1
ASIC_1;FP_FRA1_CONF;N/A;L9781_ku32FpFra1ConfCfg1
ASIC_1;FP_FRA2_CONF;N/A;L9781_ku32FpFra2ConfCfg1
ASIC_1;DIAG_PROT_CTRL;N/A;L9781_ku32DiagProtCtrlCfg1
ASIC_1;PROT_FILT_CTRL;N/A;L9781_ku32ProtFiltCtrlCfg1
ASIC_1;AB_PROT_CONF;N/A;L9781_ku32AbProtConfCfg1
ASIC_1;FP_PROT_CONF;N/A;L9781_ku32FpProtConfCfg1
ASIC_1;AB_IDLE_DLY;N/A;L9781_ku32AbIdleDlyCfg1
ASIC_1;FP_IDLE_DLY;N/A;L9781_ku32FpIdleDlyCfg1
ASIC_1;PDRV_ENB;N/A;L9781_ku32PdrvEnbCfg1
ASIC_1;AB_FRA1_PARA1;PROF_HIGH_PRESS;L9781_ku32AbFra1Para1Prof1
ASIC_1;AB_FRA1_PARA2;PROF_HIGH_PRESS;L9781_ku32AbFra1Para2Prof1
ASIC_1;AB_FRA1_PARA3;PROF_HIGH_PRESS;L9781_ku32AbFra1Para3Prof1
ASIC_1;AB_FRA1_PARA4;PROF_HIGH_PRESS;L9781_ku32AbFra1Para4Prof1
ASIC_1;AB_FRA2_PARA1;PROF_HIGH_PRESS;L9781_ku32AbFra2Para1Prof1
ASIC_1;AB_FRA2_PARA2;PROF_HIGH_PRESS;L9781_ku32AbFra2Para2Prof1
ASIC_1;AB_FRA2_PARA3;PROF_HIGH_PRESS;L9781_ku32AbFra2Para3Prof1
ASIC_1;AB_FRA2_PARA4;PROF_HIGH_PRESS;L9781_ku32AbFra2Para4Prof1
ASIC_1;AB_FRA3_PARA1;PROF_HIGH_PRESS;L9781_ku32AbFra3Para1Prof1
ASIC_1;AB_FRA3_PARA2;PROF_HIGH_PRESS;L9781_ku32AbFra3Para2Prof1
ASIC_1;AB_FRA3_PARA3;PROF_HIGH_PRESS;L9781_ku32AbFra3Para3Prof1
ASIC_1;AB_FRA1_PARA1;PROF_LOW_PRESS;L9781_ku32AbFra1Para1Prof2
ASIC_1;AB_FRA1_PARA2;PROF_LOW_PRESS;L9781_ku32AbFra1Para2Prof2
ASIC_1;AB_FRA1_PARA3;PROF_LOW_PRESS;L9781_ku32AbFra1Para3Prof2
ASIC_1;AB_FRA1_PARA4;PROF_LOW_PRESS;L9781_ku32AbFra1Para4Prof2
ASIC_1;AB_FRA2_PARA1;PROF_LOW_PRESS;L9781_ku32AbFra2Para1Prof2
ASIC_1;AB_FRA2_PARA2;PROF_LOW_PRESS;L9781_ku32AbFra2Para2Prof2
ASIC_1;AB_FRA2_PARA3;PROF_LOW_PRESS;L9781_ku32AbFra2Para3Prof2
ASIC_1;AB_FRA2_PARA4;PROF_LOW_PRESS;L9781_ku32AbFra2Para4Prof2
ASIC_1;AB_FRA3_PARA1;PROF_LOW_PRESS;L9781_ku32AbFra3Para1Prof2
ASIC_1;AB_FRA3_PARA2;PROF_LOW_PRESS;L9781_ku32AbFra3Para2Prof2
ASIC_1;AB_FRA3_PARA3;PROF_LOW_PRESS;L9781_ku32AbFra3Para3Prof2
ASIC_1;AB_FRA1_PARA1;PROF_NOM_PRESS;L9781_ku32AbFra1Para1Prof3
ASIC_1;AB_FRA1_PARA2;PROF_NOM_PRESS;L9781_ku32AbFra1Para2Prof3
ASIC_1;AB_FRA1_PARA3;PROF_NOM_PRESS;L9781_ku32AbFra1Para3Prof3
ASIC_1;AB_FRA1_PARA4;PROF_NOM_PRESS;L9781_ku32AbFra1Para4Prof3
ASIC_1;AB_FRA2_PARA1;PROF_NOM_PRESS;L9781_ku32AbFra2Para1Prof3
ASIC_1;AB_FRA2_PARA2;PROF_NOM_PRESS;L9781_ku32AbFra2Para2Prof3
ASIC_1;AB_FRA2_PARA3;PROF_NOM_PRESS;L9781_ku32AbFra2Para3Prof3
ASIC_1;AB_FRA2_PARA4;PROF_NOM_PRESS;L9781_ku32AbFra2Para4Prof3
ASIC_1;AB_FRA3_PARA1;PROF_NOM_PRESS;L9781_ku32AbFra3Para1Prof3
ASIC_1;AB_FRA3_PARA2;PROF_NOM_PRESS;L9781_ku32AbFra3Para2Prof3
ASIC_1;AB_FRA3_PARA3;PROF_NOM_PRESS;L9781_ku32AbFra3Para3Prof3
ASIC_1;AB_FRA1_PARA1;PROF_OVER_PRESS;L9781_ku32AbFra1Para1Prof4
ASIC_1;AB_FRA1_PARA2;PROF_OVER_PRESS;L9781_ku32AbFra1Para2Prof4
ASIC_1;AB_FRA1_PARA3;PROF_OVER_PRESS;L9781_ku32AbFra1Para3Prof4
ASIC_1;AB_FRA1_PARA4;PROF_OVER_PRESS;L9781_ku32AbFra1Para4Prof4
ASIC_1;AB_FRA2_PARA1;PROF_OVER_PRESS;L9781_ku32AbFra2Para1Prof4
ASIC_1;AB_FRA2_PARA2;PROF_OVER_PRESS;L9781_ku32AbFra2Para2Prof4
ASIC_1;AB_FRA2_PARA3;PROF_OVER_PRESS;L9781_ku32AbFra2Para3Prof4
ASIC_1;AB_FRA2_PARA4;PROF_OVER_PRESS;L9781_ku32AbFra2Para4Prof4
ASIC_1;AB_FRA3_PARA1;PROF_OVER_PRESS;L9781_ku32AbFra3Para1Prof4
ASIC_1;AB_FRA3_PARA2;PROF_OVER_PRESS;L9781_ku32AbFra3Para2Prof4
ASIC_1;AB_FRA3_PARA3;PROF_OVER_PRESS;L9781_ku32AbFra3Para3Prof4
ASIC_1;FP_FRA1_PARA1;N/A;L9781_ku32FpFra1Para1Prof1
ASIC_1;FP_FRA1_PARA2;N/A;L9781_ku32FpFra1Para2Prof1
ASIC_1;FP_FRA1_PARA3;N/A;L9781_ku32FpFra1Para3Prof1
ASIC_1;FP_FRA1_PARA4;N/A;L9781_ku32FpFra1Para4Prof1
ASIC_1;FP_FRA2_PARA1;N/A;L9781_ku32FpFra2Para1Prof1
ASIC_1;FP_FRA2_PARA2;N/A;L9781_ku32FpFra2Para2Prof1
ASIC_1;FP_FRA2_PARA3;N/A;L9781_ku32FpFra2Para3Prof1
ASIC_1;FP_FRA1_PARA1;N/A;L9781_ku32FpFra1Para1Prof2
ASIC_1;FP_FRA1_PARA2;N/A;L9781_ku32FpFra1Para2Prof2
ASIC_1;FP_FRA1_PARA3;N/A;L9781_ku32FpFra1Para3Prof2
ASIC_1;FP_FRA1_PARA4;N/A;L9781_ku32FpFra1Para4Prof2
ASIC_1;FP_FRA2_PARA1;N/A;L9781_ku32FpFra2Para1Prof2
ASIC_1;FP_FRA2_PARA2;N/A;L9781_ku32FpFra2Para2Prof2
ASIC_1;FP_FRA2_PARA3;N/A;L9781_ku32FpFra2Para3Prof2
ASIC_1;FP_FRA1_PARA1;N/A;L9781_ku32FpFra1Para1Prof3
ASIC_1;FP_FRA1_PARA2;N/A;L9781_ku32FpFra1Para2Prof3
ASIC_1;FP_FRA1_PARA3;N/A;L9781_ku32FpFra1Para3Prof3
ASIC_1;FP_FRA1_PARA4;N/A;L9781_ku32FpFra1Para4Prof3
ASIC_1;FP_FRA2_PARA1;N/A;L9781_ku32FpFra2Para1Prof3
ASIC_1;FP_FRA2_PARA2;N/A;L9781_ku32FpFra2Para2Prof3
ASIC_1;FP_FRA2_PARA3;N/A;L9781_ku32FpFra2Para3Prof3
ASIC_1;FP_FRA1_PARA1;N/A;L9781_ku32FpFra1Para1Prof4
ASIC_1;FP_FRA1_PARA2;N/A;L9781_ku32FpFra1Para2Prof4
ASIC_1;FP_FRA1_PARA3;N/A;L9781_ku32FpFra1Para3Prof4
ASIC_1;FP_FRA1_PARA4;N/A;L9781_ku32FpFra1Para4Prof4
ASIC_1;FP_FRA2_PARA1;N/A;L9781_ku32FpFra2Para1Prof4
ASIC_1;FP_FRA2_PARA2;N/A;L9781_ku32FpFra2Para2Prof4
ASIC_1;FP_FRA2_PARA3;N/A;L9781_ku32FpFra2Para3Prof4
ASIC_1;FP_FRA1_PARA1;N/A;L9781_ku32FpFra1Para1Prof5
ASIC_1;FP_FRA1_PARA2;N/A;L9781_ku32FpFra1Para2Prof5
ASIC_1;FP_FRA1_PARA3;N/A;L9781_ku32FpFra1Para3Prof5
ASIC_1;FP_FRA1_PARA4;N/A;L9781_ku32FpFra1Para4Prof5
ASIC_1;FP_FRA2_PARA1;N/A;L9781_ku32FpFra2Para1Prof5
ASIC_1;FP_FRA2_PARA2;N/A;L9781_ku32FpFra2Para2Prof5
ASIC_1;FP_FRA2_PARA3;N/A;L9781_ku32FpFra2Para3Prof5
ASIC_1;FP_FRA1_PARA1;N/A;L9781_ku32FpFra1Para1Prof6
ASIC_1;FP_FRA1_PARA2;N/A;L9781_ku32FpFra1Para2Prof6
ASIC_1;FP_FRA1_PARA3;N/A;L9781_ku32FpFra1Para3Prof6
ASIC_1;FP_FRA1_PARA4;N/A;L9781_ku32FpFra1Para4Prof6
ASIC_1;FP_FRA2_PARA1;N/A;L9781_ku32FpFra2Para1Prof6
ASIC_1;FP_FRA2_PARA2;N/A;L9781_ku32FpFra2Para2Prof6
ASIC_1;FP_FRA2_PARA3;N/A;L9781_ku32FpFra2Para3Prof6
ASIC_1;FP_FRA1_PARA1;N/A;L9781_ku32FpFra1Para1Prof7
ASIC_1;FP_FRA1_PARA2;N/A;L9781_ku32FpFra1Para2Prof7
ASIC_1;FP_FRA1_PARA3;N/A;L9781_ku32FpFra1Para3Prof7
ASIC_1;FP_FRA1_PARA4;N/A;L9781_ku32FpFra1Para4Prof7
ASIC_1;FP_FRA2_PARA1;N/A;L9781_ku32FpFra2Para1Prof7
ASIC_1;FP_FRA2_PARA2;N/A;L9781_ku32FpFra2Para2Prof7
ASIC_1;FP_FRA2_PARA3;N/A;L9781_ku32FpFra2Para3Prof7
ASIC_1;FP_FRA1_PARA1;N/A;L9781_ku32FpFra1Para1Prof8
ASIC_1;FP_FRA1_PARA2;N/A;L9781_ku32FpFra1Para2Prof8
ASIC_1;FP_FRA1_PARA3;N/A;L9781_ku32FpFra1Para3Prof8
ASIC_1;FP_FRA1_PARA4;N/A;L9781_ku32FpFra1Para4Prof8
ASIC_1;FP_FRA2_PARA1;N/A;L9781_ku32FpFra2Para1Prof8
ASIC_1;FP_FRA2_PARA2;N/A;L9781_ku32FpFra2Para2Prof8
ASIC_1;FP_FRA2_PARA3;N/A;L9781_ku32FpFra2Para3Prof8
ASIC_1;FP_FRA1_PARA1;N/A;L9781_ku32FpFra1Para1Prof9
ASIC_1;FP_FRA1_PARA2;N/A;L9781_ku32FpFra1Para2Prof9
ASIC_1;FP_FRA1_PARA3;N/A;L9781_ku32FpFra1Para3Prof9
ASIC_1;FP_FRA1_PARA4;N/A;L9781_ku32FpFra1Para4Prof9
ASIC_1;FP_FRA2_PARA1;N/A;L9781_ku32FpFra2Para1Prof9
ASIC_1;FP_FRA2_PARA2;N/A;L9781_ku32FpFra2Para2Prof9
ASIC_1;FP_FRA2_PARA3;N/A;L9781_ku32FpFra2Para3Prof9
ASIC_1;FP_FRA1_PARA1;N/A;L9781_ku32FpFra1Para1Prof10
ASIC_1;FP_FRA1_PARA2;N/A;L9781_ku32FpFra1Para2Prof10
ASIC_1;FP_FRA1_PARA3;N/A;L9781_ku32FpFra1Para3Prof10
ASIC_1;FP_FRA1_PARA4;N/A;L9781_ku32FpFra1Para4Prof10
ASIC_1;FP_FRA2_PARA1;N/A;L9781_ku32FpFra2Para1Prof10
ASIC_1;FP_FRA2_PARA2;N/A;L9781_ku32FpFra2Para2Prof10
ASIC_1;FP_FRA2_PARA3;N/A;L9781_ku32FpFra2Para3Prof10
ASIC_1;FP_FRA1_PARA1;N/A;L9781_ku32FpFra1Para1Prof11
ASIC_1;FP_FRA1_PARA2;N/A;L9781_ku32FpFra1Para2Prof11
ASIC_1;FP_FRA1_PARA3;N/A;L9781_ku32FpFra1Para3Prof11
ASIC_1;FP_FRA1_PARA4;N/A;L9781_ku32FpFra1Para4Prof11
ASIC_1;FP_FRA2_PARA1;N/A;L9781_ku32FpFra2Para1Prof11
ASIC_1;FP_FRA2_PARA2;N/A;L9781_ku32FpFra2Para2Prof11
ASIC_1;FP_FRA2_PARA3;N/A;L9781_ku32FpFra2Para3Prof11
ASIC_1;FP_FRA1_PARA1;N/A;L9781_ku32FpFra1Para1Prof12
ASIC_1;FP_FRA1_PARA2;N/A;L9781_ku32FpFra1Para2Prof12
ASIC_1;FP_FRA1_PARA3;N/A;L9781_ku32FpFra1Para3Prof12
ASIC_1;FP_FRA1_PARA4;N/A;L9781_ku32FpFra1Para4Prof12
ASIC_1;FP_FRA2_PARA1;N/A;L9781_ku32FpFra2Para1Prof12
ASIC_1;FP_FRA2_PARA2;N/A;L9781_ku32FpFra2Para2Prof12
ASIC_1;FP_FRA2_PARA3;N/A;L9781_ku32FpFra2Para3Prof12
ASIC_1;FP_FRA1_PARA1;N/A;L9781_ku32FpFra1Para1Prof13
ASIC_1;FP_FRA1_PARA2;N/A;L9781_ku32FpFra1Para2Prof13
ASIC_1;FP_FRA1_PARA3;N/A;L9781_ku32FpFra1Para3Prof13
ASIC_1;FP_FRA1_PARA4;N/A;L9781_ku32FpFra1Para4Prof13
ASIC_1;FP_FRA2_PARA1;N/A;L9781_ku32FpFra2Para1Prof13
ASIC_1;FP_FRA2_PARA2;N/A;L9781_ku32FpFra2Para2Prof13
ASIC_1;FP_FRA2_PARA3;N/A;L9781_ku32FpFra2Para3Prof13
ASIC_1;FP_FRA1_PARA1;N/A;L9781_ku32FpFra1Para1Prof14
ASIC_1;FP_FRA1_PARA2;N/A;L9781_ku32FpFra1Para2Prof14
ASIC_1;FP_FRA1_PARA3;N/A;L9781_ku32FpFra1Para3Prof14
ASIC_1;FP_FRA1_PARA4;N/A;L9781_ku32FpFra1Para4Prof14
ASIC_1;FP_FRA2_PARA1;N/A;L9781_ku32FpFra2Para1Prof14
ASIC_1;FP_FRA2_PARA2;N/A;L9781_ku32FpFra2Para2Prof14
ASIC_1;FP_FRA2_PARA3;N/A;L9781_ku32FpFra2Para3Prof14
ASIC_1;FP_FRA1_PARA1;N/A;L9781_ku32FpFra1Para1Prof15
ASIC_1;FP_FRA1_PARA2;N/A;L9781_ku32FpFra1Para2Prof15
ASIC_1;FP_FRA1_PARA3;N/A;L9781_ku32FpFra1Para3Prof15
ASIC_1;FP_FRA1_PARA4;N/A;L9781_ku32FpFra1Para4Prof15
ASIC_1;FP_FRA2_PARA1;N/A;L9781_ku32FpFra2Para1Prof15
ASIC_1;FP_FRA2_PARA2;N/A;L9781_ku32FpFra2Para2Prof15
ASIC_1;FP_FRA2_PARA3;N/A;L9781_ku32FpFra2Para3Prof15
ASIC_1;FP_FRA1_PARA1;N/A;L9781_ku32FpFra1Para1Prof16
ASIC_1;FP_FRA1_PARA2;N/A;L9781_ku32FpFra1Para2Prof16
ASIC_1;FP_FRA1_PARA3;N/A;L9781_ku32FpFra1Para3Prof16
ASIC_1;FP_FRA1_PARA4;N/A;L9781_ku32FpFra1Para4Prof16
ASIC_1;FP_FRA2_PARA1;N/A;L9781_ku32FpFra2Para1Prof16
ASIC_1;FP_FRA2_PARA2;N/A;L9781_ku32FpFra2Para2Prof16
ASIC_1;FP_FRA2_PARA3;N/A;L9781_ku32FpFra2Para3Prof16
ASIC_1;FP_FRA1_PARA1;N/A;L9781_ku32FpFra1Para1Prof17
ASIC_1;FP_FRA1_PARA2;N/A;L9781_ku32FpFra1Para2Prof17
ASIC_1;FP_FRA1_PARA3;N/A;L9781_ku32FpFra1Para3Prof17
ASIC_1;FP_FRA1_PARA4;N/A;L9781_ku32FpFra1Para4Prof17
ASIC_1;FP_FRA2_PARA1;N/A;L9781_ku32FpFra2Para1Prof17
ASIC_1;FP_FRA2_PARA2;N/A;L9781_ku32FpFra2Para2Prof17
ASIC_1;FP_FRA2_PARA3;N/A;L9781_ku32FpFra2Para3Prof17
ASIC_1;FP_FRA1_PARA1;N/A;L9781_ku32FpFra1Para1Prof18
ASIC_1;FP_FRA1_PARA2;N/A;L9781_ku32FpFra1Para2Prof18
ASIC_1;FP_FRA1_PARA3;N/A;L9781_ku32FpFra1Para3Prof18
ASIC_1;FP_FRA1_PARA4;N/A;L9781_ku32FpFra1Para4Prof18
ASIC_1;FP_FRA2_PARA1;N/A;L9781_ku32FpFra2Para1Prof18
ASIC_1;FP_FRA2_PARA2;N/A;L9781_ku32FpFra2Para2Prof18
ASIC_1;FP_FRA2_PARA3;N/A;L9781_ku32FpFra2Para3Prof18
ASIC_1;FP_FRA1_PARA1;N/A;L9781_ku32FpFra1Para1Prof19
ASIC_1;FP_FRA1_PARA2;N/A;L9781_ku32FpFra1Para2Prof19
ASIC_1;FP_FRA1_PARA3;N/A;L9781_ku32FpFra1Para3Prof19
ASIC_1;FP_FRA1_PARA4;N/A;L9781_ku32FpFra1Para4Prof19
ASIC_1;FP_FRA2_PARA1;N/A;L9781_ku32FpFra2Para1Prof19
ASIC_1;FP_FRA2_PARA2;N/A;L9781_ku32FpFra2Para2Prof19
ASIC_1;FP_FRA2_PARA3;N/A;L9781_ku32FpFra2Para3Prof19
ASIC_1;FP_FRA1_PARA1;N/A;L9781_ku32FpFra1Para1Prof20
ASIC_1;FP_FRA1_PARA2;N/A;L9781_ku32FpFra1Para2Prof20
ASIC_1;FP_FRA1_PARA3;N/A;L9781_ku32FpFra1Para3Prof20
ASIC_1;FP_FRA1_PARA4;N/A;L9781_ku32FpFra1Para4Prof20
ASIC_1;FP_FRA2_PARA1;N/A;L9781_ku32FpFra2Para1Prof20
ASIC_1;FP_FRA2_PARA2;N/A;L9781_ku32FpFra2Para2Prof20
ASIC_1;FP_FRA2_PARA3;N/A;L9781_ku32FpFra2Para3Prof20
ASIC_1;FP_FRA1_PARA1;N/A;L9781_ku32FpFra1Para1Prof21
ASIC_1;FP_FRA1_PARA2;N/A;L9781_ku32FpFra1Para2Prof21
ASIC_1;FP_FRA1_PARA3;N/A;L9781_ku32FpFra1Para3Prof21
ASIC_1;FP_FRA1_PARA4;N/A;L9781_ku32FpFra1Para4Prof21
ASIC_1;FP_FRA2_PARA1;N/A;L9781_ku32FpFra2Para1Prof21
ASIC_1;FP_FRA2_PARA2;N/A;L9781_ku32FpFra2Para2Prof21
ASIC_1;FP_FRA2_PARA3;N/A;L9781_ku32FpFra2Para3Prof21
ASIC_1;FP_FRA1_PARA1;N/A;L9781_ku32FpFra1Para1Prof22
ASIC_1;FP_FRA1_PARA2;N/A;L9781_ku32FpFra1Para2Prof22
ASIC_1;FP_FRA1_PARA3;N/A;L9781_ku32FpFra1Para3Prof22
ASIC_1;FP_FRA1_PARA4;N/A;L9781_ku32FpFra1Para4Prof22
ASIC_1;FP_FRA2_PARA1;N/A;L9781_ku32FpFra2Para1Prof22
ASIC_1;FP_FRA2_PARA2;N/A;L9781_ku32FpFra2Para2Prof22
ASIC_1;FP_FRA2_PARA3;N/A;L9781_ku32FpFra2Para3Prof22
ASIC_1;FP_FRA1_PARA1;N/A;L9781_ku32FpFra1Para1Prof23
ASIC_1;FP_FRA1_PARA2;N/A;L9781_ku32FpFra1Para2Prof23
ASIC_1;FP_FRA1_PARA3;N/A;L9781_ku32FpFra1Para3Prof23
ASIC_1;FP_FRA1_PARA4;N/A;L9781_ku32FpFra1Para4Prof23
ASIC_1;FP_FRA2_PARA1;N/A;L9781_ku32FpFra2Para1Prof23
ASIC_1;FP_FRA2_PARA2;N/A;L9781_ku32FpFra2Para2Prof23
ASIC_1;FP_FRA2_PARA3;N/A;L9781_ku32FpFra2Para3Prof23
ASIC_1;FP_FRA1_PARA1;N/A;L9781_ku32FpFra1Para1Prof24
ASIC_1;FP_FRA1_PARA2;N/A;L9781_ku32FpFra1Para2Prof24
ASIC_1;FP_FRA1_PARA3;N/A;L9781_ku32FpFra1Para3Prof24
ASIC_1;FP_FRA1_PARA4;N/A;L9781_ku32FpFra1Para4Prof24
ASIC_1;FP_FRA2_PARA1;N/A;L9781_ku32FpFra2Para1Prof24
ASIC_1;FP_FRA2_PARA2;N/A;L9781_ku32FpFra2Para2Prof24
ASIC_1;FP_FRA2_PARA3;N/A;L9781_ku32FpFra2Para3Prof24
ASIC_1;FP_FRA1_PARA1;N/A;L9781_ku32FpFra1Para1Prof25
ASIC_1;FP_FRA1_PARA2;N/A;L9781_ku32FpFra1Para2Prof25
ASIC_1;FP_FRA1_PARA3;N/A;L9781_ku32FpFra1Para3Prof25
ASIC_1;FP_FRA1_PARA4;N/A;L9781_ku32FpFra1Para4Prof25
ASIC_1;FP_FRA2_PARA1;N/A;L9781_ku32FpFra2Para1Prof25
ASIC_1;FP_FRA2_PARA2;N/A;L9781_ku32FpFra2Para2Prof25
ASIC_1;FP_FRA2_PARA3;N/A;L9781_ku32FpFra2Para3Prof25
ASIC_1;FP_FRA1_PARA1;N/A;L9781_ku32FpFra1Para1Prof26
ASIC_1;FP_FRA1_PARA2;N/A;L9781_ku32FpFra1Para2Prof26
ASIC_1;FP_FRA1_PARA3;N/A;L9781_ku32FpFra1Para3Prof26
ASIC_1;FP_FRA1_PARA4;N/A;L9781_ku32FpFra1Para4Prof26
ASIC_1;FP_FRA2_PARA1;N/A;L9781_ku32FpFra2Para1Prof26
ASIC_1;FP_FRA2_PARA2;N/A;L9781_ku32FpFra2Para2Prof26
ASIC_1;FP_FRA2_PARA3;N/A;L9781_ku32FpFra2Para3Prof26
ASIC_2;GEN_CONF;N/A;L9781_ku32GenConfCfg2
ASIC_2;PDRV_CONF;N/A;L9781_ku32PdrvConfCfg2
ASIC_2;ISEN_CONF;N/A;L9781_ku32IsenConfCfg2
ASIC_2;AB_ZLC_OC_CONF;N/A;L9781_ku32AbZlcOcConfCfg2
ASIC_2;FP_ZLC_OC_CONF;N/A;L9781_ku32FpZlcOcConfCfg2
ASIC_2;DCDC_CONF;N/A;L9781_ku32DcdcConfCfg2
ASIC_2;AB_FRA1_CONF;N/A;L9781_ku32AbFra1ConfCfg2
ASIC_2;AB_FRA2_CONF;N/A;L9781_ku32AbFra2ConfCfg2
ASIC_2;AB_FRA3_CONF;N/A;L9781_ku32AbFra3ConfCfg2
ASIC_2;FP_FRA1_CONF;N/A;L9781_ku32FpFra1ConfCfg2
ASIC_2;FP_FRA2_CONF;N/A;L9781_ku32FpFra2ConfCfg2
ASIC_2;DIAG_PROT_CTRL;N/A;L9781_ku32DiagProtCtrlCfg2
ASIC_2;PROT_FILT_CTRL;N/A;L9781_ku32ProtFiltCtrlCfg2
ASIC_2;AB_PROT_CONF;N/A;L9781_ku32AbProtConfCfg2
ASIC_2;FP_PROT_CONF;N/A;L9781_ku32FpProtConfCfg2
ASIC_2;AB_IDLE_DLY;N/A;L9781_ku32AbIdleDlyCfg2
ASIC_2;FP_IDLE_DLY;N/A;L9781_ku32FpIdleDlyCfg2
ASIC_2;PDRV_ENB;N/A;L9781_ku32PdrvEnbCfg2
ASIC_2;AB_FRA1_PARA1;PROF_HIGH_PRESS;L9781_ku32AbFra1Para1Prof1
ASIC_2;AB_FRA1_PARA2;PROF_HIGH_PRESS;L9781_ku32AbFra1Para2Prof1
ASIC_2;AB_FRA1_PARA3;PROF_HIGH_PRESS;L9781_ku32AbFra1Para3Prof1
ASIC_2;AB_FRA1_PARA4;PROF_HIGH_PRESS;L9781_ku32AbFra1Para4Prof1
ASIC_2;AB_FRA2_PARA1;PROF_HIGH_PRESS;L9781_ku32AbFra2Para1Prof1
ASIC_2;AB_FRA2_PARA2;PROF_HIGH_PRESS;L9781_ku32AbFra2Para2Prof1
ASIC_2;AB_FRA2_PARA3;PROF_HIGH_PRESS;L9781_ku32AbFra2Para3Prof1
ASIC_2;AB_FRA2_PARA4;PROF_HIGH_PRESS;L9781_ku32AbFra2Para4Prof1
ASIC_2;AB_FRA3_PARA1;PROF_HIGH_PRESS;L9781_ku32AbFra3Para1Prof1
ASIC_2;AB_FRA3_PARA2;PROF_HIGH_PRESS;L9781_ku32AbFra3Para2Prof1
ASIC_2;AB_FRA3_PARA3;PROF_HIGH_PRESS;L9781_ku32AbFra3Para3Prof1
ASIC_2;AB_FRA1_PARA1;PROF_LOW_PRESS;L9781_ku32AbFra1Para1Prof2
ASIC_2;AB_FRA1_PARA2;PROF_LOW_PRESS;L9781_ku32AbFra1Para2Prof2
ASIC_2;AB_FRA1_PARA3;PROF_LOW_PRESS;L9781_ku32AbFra1Para3Prof2
ASIC_2;AB_FRA1_PARA4;PROF_LOW_PRESS;L9781_ku32AbFra1Para4Prof2
ASIC_2;AB_FRA2_PARA1;PROF_LOW_PRESS;L9781_ku32AbFra2Para1Prof2
ASIC_2;AB_FRA2_PARA2;PROF_LOW_PRESS;L9781_ku32AbFra2Para2Prof2
ASIC_2;AB_FRA2_PARA3;PROF_LOW_PRESS;L9781_ku32AbFra2Para3Prof2
ASIC_2;AB_FRA2_PARA4;PROF_LOW_PRESS;L9781_ku32AbFra2Para4Prof2
ASIC_2;AB_FRA3_PARA1;PROF_LOW_PRESS;L9781_ku32AbFra3Para1Prof2
ASIC_2;AB_FRA3_PARA2;PROF_LOW_PRESS;L9781_ku32AbFra3Para2Prof2
ASIC_2;AB_FRA3_PARA3;PROF_LOW_PRESS;L9781_ku32AbFra3Para3Prof2
ASIC_2;AB_FRA1_PARA1;PROF_NOM_PRESS;L9781_ku32AbFra1Para1Prof3
ASIC_2;AB_FRA1_PARA2;PROF_NOM_PRESS;L9781_ku32AbFra1Para2Prof3
ASIC_2;AB_FRA1_PARA3;PROF_NOM_PRESS;L9781_ku32AbFra1Para3Prof3
ASIC_2;AB_FRA1_PARA4;PROF_NOM_PRESS;L9781_ku32AbFra1Para4Prof3
ASIC_2;AB_FRA2_PARA1;PROF_NOM_PRESS;L9781_ku32AbFra2Para1Prof3
ASIC_2;AB_FRA2_PARA2;PROF_NOM_PRESS;L9781_ku32AbFra2Para2Prof3
ASIC_2;AB_FRA2_PARA3;PROF_NOM_PRESS;L9781_ku32AbFra2Para3Prof3
ASIC_2;AB_FRA2_PARA4;PROF_NOM_PRESS;L9781_ku32AbFra2Para4Prof3
ASIC_2;AB_FRA3_PARA1;PROF_NOM_PRESS;L9781_ku32AbFra3Para1Prof3
ASIC_2;AB_FRA3_PARA2;PROF_NOM_PRESS;L9781_ku32AbFra3Para2Prof3
ASIC_2;AB_FRA3_PARA3;PROF_NOM_PRESS;L9781_ku32AbFra3Para3Prof3
ASIC_2;AB_FRA1_PARA1;PROF_OVER_PRESS;L9781_ku32AbFra1Para1Prof4
ASIC_2;AB_FRA1_PARA2;PROF_OVER_PRESS;L9781_ku32AbFra1Para2Prof4
ASIC_2;AB_FRA1_PARA3;PROF_OVER_PRESS;L9781_ku32AbFra1Para3Prof4
ASIC_2;AB_FRA1_PARA4;PROF_OVER_PRESS;L9781_ku32AbFra1Para4Prof4
ASIC_2;AB_FRA2_PARA1;PROF_OVER_PRESS;L9781_ku32AbFra2Para1Prof4
ASIC_2;AB_FRA2_PARA2;PROF_OVER_PRESS;L9781_ku32AbFra2Para2Prof4
ASIC_2;AB_FRA2_PARA3;PROF_OVER_PRESS;L9781_ku32AbFra2Para3Prof4
ASIC_2;AB_FRA2_PARA4;PROF_OVER_PRESS;L9781_ku32AbFra2Para4Prof4
ASIC_2;AB_FRA3_PARA1;PROF_OVER_PRESS;L9781_ku32AbFra3Para1Prof4
ASIC_2;AB_FRA3_PARA2;PROF_OVER_PRESS;L9781_ku32AbFra3Para2Prof4
ASIC_2;AB_FRA3_PARA3;PROF_OVER_PRESS;L9781_ku32AbFra3Para3Prof4
ASIC_2;FP_FRA1_PARA1;N/A;L9781_ku32FpFra1Para1Prof1
ASIC_2;FP_FRA1_PARA2;N/A;L9781_ku32FpFra1Para2Prof1
ASIC_2;FP_FRA1_PARA3;N/A;L9781_ku32FpFra1Para3Prof1
ASIC_2;FP_FRA1_PARA4;N/A;L9781_ku32FpFra1Para4Prof1
ASIC_2;FP_FRA2_PARA1;N/A;L9781_ku32FpFra2Para1Prof1
ASIC_2;FP_FRA2_PARA2;N/A;L9781_ku32FpFra2Para2Prof1
ASIC_2;FP_FRA2_PARA3;N/A;L9781_ku32FpFra2Para3Prof1
ASIC_2;FP_FRA1_PARA1;N/A;L9781_ku32FpFra1Para1Prof2
ASIC_2;FP_FRA1_PARA2;N/A;L9781_ku32FpFra1Para2Prof2
ASIC_2;FP_FRA1_PARA3;N/A;L9781_ku32FpFra1Para3Prof2
ASIC_2;FP_FRA1_PARA4;N/A;L9781_ku32FpFra1Para4Prof2
ASIC_2;FP_FRA2_PARA1;N/A;L9781_ku32FpFra2Para1Prof2
ASIC_2;FP_FRA2_PARA2;N/A;L9781_ku32FpFra2Para2Prof2
ASIC_2;FP_FRA2_PARA3;N/A;L9781_ku32FpFra2Para3Prof2
ASIC_2;FP_FRA1_PARA1;N/A;L9781_ku32FpFra1Para1Prof3
ASIC_2;FP_FRA1_PARA2;N/A;L9781_ku32FpFra1Para2Prof3
ASIC_2;FP_FRA1_PARA3;N/A;L9781_ku32FpFra1Para3Prof3
ASIC_2;FP_FRA1_PARA4;N/A;L9781_ku32FpFra1Para4Prof3
ASIC_2;FP_FRA2_PARA1;N/A;L9781_ku32FpFra2Para1Prof3
ASIC_2;FP_FRA2_PARA2;N/A;L9781_ku32FpFra2Para2Prof3
ASIC_2;FP_FRA2_PARA3;N/A;L9781_ku32FpFra2Para3Prof3
ASIC_2;FP_FRA1_PARA1;N/A;L9781_ku32FpFra1Para1Prof4
ASIC_2;FP_FRA1_PARA2;N/A;L9781_ku32FpFra1Para2Prof4
ASIC_2;FP_FRA1_PARA3;N/A;L9781_ku32FpFra1Para3Prof4
ASIC_2;FP_FRA1_PARA4;N/A;L9781_ku32FpFra1Para4Prof4
ASIC_2;FP_FRA2_PARA1;N/A;L9781_ku32FpFra2Para1Prof4
ASIC_2;FP_FRA2_PARA2;N/A;L9781_ku32FpFra2Para2Prof4
ASIC_2;FP_FRA2_PARA3;N/A;L9781_ku32FpFra2Para3Prof4
ASIC_2;FP_FRA1_PARA1;N/A;L9781_ku32FpFra1Para1Prof5
ASIC_2;FP_FRA1_PARA2;N/A;L9781_ku32FpFra1Para2Prof5
ASIC_2;FP_FRA1_PARA3;N/A;L9781_ku32FpFra1Para3Prof5
ASIC_2;FP_FRA1_PARA4;N/A;L9781_ku32FpFra1Para4Prof5
ASIC_2;FP_FRA2_PARA1;N/A;L9781_ku32FpFra2Para1Prof5
ASIC_2;FP_FRA2_PARA2;N/A;L9781_ku32FpFra2Para2Prof5
ASIC_2;FP_FRA2_PARA3;N/A;L9781_ku32FpFra2Para3Prof5
ASIC_2;FP_FRA1_PARA1;N/A;L9781_ku32FpFra1Para1Prof6
ASIC_2;FP_FRA1_PARA2;N/A;L9781_ku32FpFra1Para2Prof6
ASIC_2;FP_FRA1_PARA3;N/A;L9781_ku32FpFra1Para3Prof6
ASIC_2;FP_FRA1_PARA4;N/A;L9781_ku32FpFra1Para4Prof6
ASIC_2;FP_FRA2_PARA1;N/A;L9781_ku32FpFra2Para1Prof6
ASIC_2;FP_FRA2_PARA2;N/A;L9781_ku32FpFra2Para2Prof6
ASIC_2;FP_FRA2_PARA3;N/A;L9781_ku32FpFra2Para3Prof6
ASIC_2;FP_FRA1_PARA1;N/A;L9781_ku32FpFra1Para1Prof7
ASIC_2;FP_FRA1_PARA2;N/A;L9781_ku32FpFra1Para2Prof7
ASIC_2;FP_FRA1_PARA3;N/A;L9781_ku32FpFra1Para3Prof7
ASIC_2;FP_FRA1_PARA4;N/A;L9781_ku32FpFra1Para4Prof7
ASIC_2;FP_FRA2_PARA1;N/A;L9781_ku32FpFra2Para1Prof7
ASIC_2;FP_FRA2_PARA2;N/A;L9781_ku32FpFra2Para2Prof7
ASIC_2;FP_FRA2_PARA3;N/A;L9781_ku32FpFra2Para3Prof7
ASIC_2;FP_FRA1_PARA1;N/A;L9781_ku32FpFra1Para1Prof8
ASIC_2;FP_FRA1_PARA2;N/A;L9781_ku32FpFra1Para2Prof8
ASIC_2;FP_FRA1_PARA3;N/A;L9781_ku32FpFra1Para3Prof8
ASIC_2;FP_FRA1_PARA4;N/A;L9781_ku32FpFra1Para4Prof8
ASIC_2;FP_FRA2_PARA1;N/A;L9781_ku32FpFra2Para1Prof8
ASIC_2;FP_FRA2_PARA2;N/A;L9781_ku32FpFra2Para2Prof8
ASIC_2;FP_FRA2_PARA3;N/A;L9781_ku32FpFra2Para3Prof8
ASIC_2;FP_FRA1_PARA1;N/A;L9781_ku32FpFra1Para1Prof9
ASIC_2;FP_FRA1_PARA2;N/A;L9781_ku32FpFra1Para2Prof9
ASIC_2;FP_FRA1_PARA3;N/A;L9781_ku32FpFra1Para3Prof9
ASIC_2;FP_FRA1_PARA4;N/A;L9781_ku32FpFra1Para4Prof9
ASIC_2;FP_FRA2_PARA1;N/A;L9781_ku32FpFra2Para1Prof9
ASIC_2;FP_FRA2_PARA2;N/A;L9781_ku32FpFra2Para2Prof9
ASIC_2;FP_FRA2_PARA3;N/A;L9781_ku32FpFra2Para3Prof9
ASIC_2;FP_FRA1_PARA1;N/A;L9781_ku32FpFra1Para1Prof10
ASIC_2;FP_FRA1_PARA2;N/A;L9781_ku32FpFra1Para2Prof10
ASIC_2;FP_FRA1_PARA3;N/A;L9781_ku32FpFra1Para3Prof10
ASIC_2;FP_FRA1_PARA4;N/A;L9781_ku32FpFra1Para4Prof10
ASIC_2;FP_FRA2_PARA1;N/A;L9781_ku32FpFra2Para1Prof10
ASIC_2;FP_FRA2_PARA2;N/A;L9781_ku32FpFra2Para2Prof10
ASIC_2;FP_FRA2_PARA3;N/A;L9781_ku32FpFra2Para3Prof10
ASIC_2;FP_FRA1_PARA1;N/A;L9781_ku32FpFra1Para1Prof11
ASIC_2;FP_FRA1_PARA2;N/A;L9781_ku32FpFra1Para2Prof11
ASIC_2;FP_FRA1_PARA3;N/A;L9781_ku32FpFra1Para3Prof11
ASIC_2;FP_FRA1_PARA4;N/A;L9781_ku32FpFra1Para4Prof11
ASIC_2;FP_FRA2_PARA1;N/A;L9781_ku32FpFra2Para1Prof11
ASIC_2;FP_FRA2_PARA2;N/A;L9781_ku32FpFra2Para2Prof11
ASIC_2;FP_FRA2_PARA3;N/A;L9781_ku32FpFra2Para3Prof11
ASIC_2;FP_FRA1_PARA1;N/A;L9781_ku32FpFra1Para1Prof12
ASIC_2;FP_FRA1_PARA2;N/A;L9781_ku32FpFra1Para2Prof12
ASIC_2;FP_FRA1_PARA3;N/A;L9781_ku32FpFra1Para3Prof12
ASIC_2;FP_FRA1_PARA4;N/A;L9781_ku32FpFra1Para4Prof12
ASIC_2;FP_FRA2_PARA1;N/A;L9781_ku32FpFra2Para1Prof12
ASIC_2;FP_FRA2_PARA2;N/A;L9781_ku32FpFra2Para2Prof12
ASIC_2;FP_FRA2_PARA3;N/A;L9781_ku32FpFra2Para3Prof12
ASIC_2;FP_FRA1_PARA1;N/A;L9781_ku32FpFra1Para1Prof13
ASIC_2;FP_FRA1_PARA2;N/A;L9781_ku32FpFra1Para2Prof13
ASIC_2;FP_FRA1_PARA3;N/A;L9781_ku32FpFra1Para3Prof13
ASIC_2;FP_FRA1_PARA4;N/A;L9781_ku32FpFra1Para4Prof13
ASIC_2;FP_FRA2_PARA1;N/A;L9781_ku32FpFra2Para1Prof13
ASIC_2;FP_FRA2_PARA2;N/A;L9781_ku32FpFra2Para2Prof13
ASIC_2;FP_FRA2_PARA3;N/A;L9781_ku32FpFra2Para3Prof13
ASIC_2;FP_FRA1_PARA1;N/A;L9781_ku32FpFra1Para1Prof14
ASIC_2;FP_FRA1_PARA2;N/A;L9781_ku32FpFra1Para2Prof14
ASIC_2;FP_FRA1_PARA3;N/A;L9781_ku32FpFra1Para3Prof14
ASIC_2;FP_FRA1_PARA4;N/A;L9781_ku32FpFra1Para4Prof14
ASIC_2;FP_FRA2_PARA1;N/A;L9781_ku32FpFra2Para1Prof14
ASIC_2;FP_FRA2_PARA2;N/A;L9781_ku32FpFra2Para2Prof14
ASIC_2;FP_FRA2_PARA3;N/A;L9781_ku32FpFra2Para3Prof14
ASIC_2;FP_FRA1_PARA1;N/A;L9781_ku32FpFra1Para1Prof15
ASIC_2;FP_FRA1_PARA2;N/A;L9781_ku32FpFra1Para2Prof15
ASIC_2;FP_FRA1_PARA3;N/A;L9781_ku32FpFra1Para3Prof15
ASIC_2;FP_FRA1_PARA4;N/A;L9781_ku32FpFra1Para4Prof15
ASIC_2;FP_FRA2_PARA1;N/A;L9781_ku32FpFra2Para1Prof15
ASIC_2;FP_FRA2_PARA2;N/A;L9781_ku32FpFra2Para2Prof15
ASIC_2;FP_FRA2_PARA3;N/A;L9781_ku32FpFra2Para3Prof15
ASIC_2;FP_FRA1_PARA1;N/A;L9781_ku32FpFra1Para1Prof16
ASIC_2;FP_FRA1_PARA2;N/A;L9781_ku32FpFra1Para2Prof16
ASIC_2;FP_FRA1_PARA3;N/A;L9781_ku32FpFra1Para3Prof16
ASIC_2;FP_FRA1_PARA4;N/A;L9781_ku32FpFra1Para4Prof16
ASIC_2;FP_FRA2_PARA1;N/A;L9781_ku32FpFra2Para1Prof16
ASIC_2;FP_FRA2_PARA2;N/A;L9781_ku32FpFra2Para2Prof16
ASIC_2;FP_FRA2_PARA3;N/A;L9781_ku32FpFra2Para3Prof16
ASIC_2;FP_FRA1_PARA1;N/A;L9781_ku32FpFra1Para1Prof17
ASIC_2;FP_FRA1_PARA2;N/A;L9781_ku32FpFra1Para2Prof17
ASIC_2;FP_FRA1_PARA3;N/A;L9781_ku32FpFra1Para3Prof17
ASIC_2;FP_FRA1_PARA4;N/A;L9781_ku32FpFra1Para4Prof17
ASIC_2;FP_FRA2_PARA1;N/A;L9781_ku32FpFra2Para1Prof17
ASIC_2;FP_FRA2_PARA2;N/A;L9781_ku32FpFra2Para2Prof17
ASIC_2;FP_FRA2_PARA3;N/A;L9781_ku32FpFra2Para3Prof17
ASIC_2;FP_FRA1_PARA1;N/A;L9781_ku32FpFra1Para1Prof18
ASIC_2;FP_FRA1_PARA2;N/A;L9781_ku32FpFra1Para2Prof18
ASIC_2;FP_FRA1_PARA3;N/A;L9781_ku32FpFra1Para3Prof18
ASIC_2;FP_FRA1_PARA4;N/A;L9781_ku32FpFra1Para4Prof18
ASIC_2;FP_FRA2_PARA1;N/A;L9781_ku32FpFra2Para1Prof18
ASIC_2;FP_FRA2_PARA2;N/A;L9781_ku32FpFra2Para2Prof18
ASIC_2;FP_FRA2_PARA3;N/A;L9781_ku32FpFra2Para3Prof18
ASIC_2;FP_FRA1_PARA1;N/A;L9781_ku32FpFra1Para1Prof19
ASIC_2;FP_FRA1_PARA2;N/A;L9781_ku32FpFra1Para2Prof19
ASIC_2;FP_FRA1_PARA3;N/A;L9781_ku32FpFra1Para3Prof19
ASIC_2;FP_FRA1_PARA4;N/A;L9781_ku32FpFra1Para4Prof19
ASIC_2;FP_FRA2_PARA1;N/A;L9781_ku32FpFra2Para1Prof19
ASIC_2;FP_FRA2_PARA2;N/A;L9781_ku32FpFra2Para2Prof19
ASIC_2;FP_FRA2_PARA3;N/A;L9781_ku32FpFra2Para3Prof19
ASIC_2;FP_FRA1_PARA1;N/A;L9781_ku32FpFra1Para1Prof20
ASIC_2;FP_FRA1_PARA2;N/A;L9781_ku32FpFra1Para2Prof20
ASIC_2;FP_FRA1_PARA3;N/A;L9781_ku32FpFra1Para3Prof20
ASIC_2;FP_FRA1_PARA4;N/A;L9781_ku32FpFra1Para4Prof20
ASIC_2;FP_FRA2_PARA1;N/A;L9781_ku32FpFra2Para1Prof20
ASIC_2;FP_FRA2_PARA2;N/A;L9781_ku32FpFra2Para2Prof20
ASIC_2;FP_FRA2_PARA3;N/A;L9781_ku32FpFra2Para3Prof20
ASIC_2;FP_FRA1_PARA1;N/A;L9781_ku32FpFra1Para1Prof21
ASIC_2;FP_FRA1_PARA2;N/A;L9781_ku32FpFra1Para2Prof21
ASIC_2;FP_FRA1_PARA3;N/A;L9781_ku32FpFra1Para3Prof21
ASIC_2;FP_FRA1_PARA4;N/A;L9781_ku32FpFra1Para4Prof21
ASIC_2;FP_FRA2_PARA1;N/A;L9781_ku32FpFra2Para1Prof21
ASIC_2;FP_FRA2_PARA2;N/A;L9781_ku32FpFra2Para2Prof21
ASIC_2;FP_FRA2_PARA3;N/A;L9781_ku32FpFra2Para3Prof21
ASIC_2;FP_FRA1_PARA1;N/A;L9781_ku32FpFra1Para1Prof22
ASIC_2;FP_FRA1_PARA2;N/A;L9781_ku32FpFra1Para2Prof22
ASIC_2;FP_FRA1_PARA3;N/A;L9781_ku32FpFra1Para3Prof22
ASIC_2;FP_FRA1_PARA4;N/A;L9781_ku32FpFra1Para4Prof22
ASIC_2;FP_FRA2_PARA1;N/A;L9781_ku32FpFra2Para1Prof22
ASIC_2;FP_FRA2_PARA2;N/A;L9781_ku32FpFra2Para2Prof22
ASIC_2;FP_FRA2_PARA3;N/A;L9781_ku32FpFra2Para3Prof22
ASIC_2;FP_FRA1_PARA1;N/A;L9781_ku32FpFra1Para1Prof23
ASIC_2;FP_FRA1_PARA2;N/A;L9781_ku32FpFra1Para2Prof23
ASIC_2;FP_FRA1_PARA3;N/A;L9781_ku32FpFra1Para3Prof23
ASIC_2;FP_FRA1_PARA4;N/A;L9781_ku32FpFra1Para4Prof23
ASIC_2;FP_FRA2_PARA1;N/A;L9781_ku32FpFra2Para1Prof23
ASIC_2;FP_FRA2_PARA2;N/A;L9781_ku32FpFra2Para2Prof23
ASIC_2;FP_FRA2_PARA3;N/A;L9781_ku32FpFra2Para3Prof23
ASIC_2;FP_FRA1_PARA1;N/A;L9781_ku32FpFra1Para1Prof24
ASIC_2;FP_FRA1_PARA2;N/A;L9781_ku32FpFra1Para2Prof24
ASIC_2;FP_FRA1_PARA3;N/A;L9781_ku32FpFra1Para3Prof24
ASIC_2;FP_FRA1_PARA4;N/A;L9781_ku32FpFra1Para4Prof24
ASIC_2;FP_FRA2_PARA1;N/A;L9781_ku32FpFra2Para1Prof24
ASIC_2;FP_FRA2_PARA2;N/A;L9781_ku32FpFra2Para2Prof24
ASIC_2;FP_FRA2_PARA3;N/A;L9781_ku32FpFra2Para3Prof24
ASIC_2;FP_FRA1_PARA1;N/A;L9781_ku32FpFra1Para1Prof25
ASIC_2;FP_FRA1_PARA2;N/A;L9781_ku32FpFra1Para2Prof25
ASIC_2;FP_FRA1_PARA3;N/A;L9781_ku32FpFra1Para3Prof25
ASIC_2;FP_FRA1_PARA4;N/A;L9781_ku32FpFra1Para4Prof25
ASIC_2;FP_FRA2_PARA1;N/A;L9781_ku32FpFra2Para1Prof25
ASIC_2;FP_FRA2_PARA2;N/A;L9781_ku32FpFra2Para2Prof25
ASIC_2;FP_FRA2_PARA3;N/A;L9781_ku32FpFra2Para3Prof25
ASIC_2;FP_FRA1_PARA1;N/A;L9781_ku32FpFra1Para1Prof26
ASIC_2;FP_FRA1_PARA2;N/A;L9781_ku32FpFra1Para2Prof26
ASIC_2;FP_FRA1_PARA3;N/A;L9781_ku32FpFra1Para3Prof26
ASIC_2;FP_FRA1_PARA4;N/A;L9781_ku32FpFra1Para4Prof26
ASIC_2;FP_FRA2_PARA1;N/A;L9781_ku32FpFra2Para1Prof26
ASIC_2;FP_FRA2_PARA2;N/A;L9781_ku32FpFra2Para2Prof26
ASIC_2;FP_FRA2_PARA3;N/A;L9781_ku32FpFra2Para3Prof26
